id;original_name;mime_type;file_size;saved_path
0b8d90bf-e9df-4d;apropos phew oh;솔직한 원통형 infantilise;18387;cajole 아몬드
263a50f0-1a89-47;성취 불충실한;psst provided when;6190;부족한 의심스럽게 versus
c98ffa61-f48a-40;whoever throughout 극적인;beneath 빠르게 거의;12427;적응 굉장한 though
6ea64464-4e85-48;by 명확한;mmm mid 교육받은;16542;몹시 아름답게 amongst
b6d23a17-a3dc-44;이타적인 미친 해석학;탄약 다소 phew;17383;failing 큰 like
30ed4a34-2745-45;자랑스럽게;항공기;7444;두려운 비행사 minus
2483cbd2-fb97-4c;비정상적으로 but on;hmph aboard;6582;기민한 so
df580fbb-8c77-46;so 닫힌;until;13668;boohoo apropos mothball
7c9f2f50-e6b4-4e;brr decentralize;modulo into 전능자;13368;excluding 간단히 on
9961288d-c6b1-45;멍든;blah;6393;비행선
